k,sse,silhouette
5,32743.46875,0.1289924532175064
7,30982.158203125,0.1020863875746727
9,29448.1953125,0.10397814959287643
11,28573.45703125,0.10518703609704971
13,27895.7734375,0.1053655743598938
15,27344.30078125,0.09254283457994461
17,26951.24609375,0.08868836611509323
19,26583.458984375,0.08913888037204742
21,26158.73828125,0.0809246152639389
23,25919.357421875,0.07989031076431274
25,25660.337890625,0.074973925948143
