k,sse,silhouette
5,27347.224609375,0.08477412909269333
7,26278.068359375,0.08587023615837097
9,25439.15234375,0.06872980296611786
11,24787.263671875,0.07059218734502792
13,24273.984375,0.06952017545700073
15,23875.79296875,0.07200440764427185
17,23506.365234375,0.07349774986505508
19,23261.5703125,0.0552019402384758
21,22996.4765625,0.07651225477457047
23,22789.83984375,0.06159970536828041
25,22584.37890625,0.06530960649251938
