k,sse,silhouette
5,4530.820898447197,0.027497237453325284
7,4465.591382042241,0.024800632197778217
9,4420.174279396394,0.02605652270512478
11,4384.614333594926,0.026444972979309433
13,4355.349834122723,0.024866584722029954
15,4337.58764010781,0.0268503229363549
17,4308.605686096744,0.024507559739890463
19,4284.225040331219,0.02475811794758589
21,4259.67619238418,0.021954758892921505
23,4243.720910155917,0.022662209864171563
25,4225.776468339186,0.024095103607691418
