k,sse,silhouette
5,4600.530345677341,0.02330975393557315
7,4543.808951401794,0.024963848410792355
9,4501.922435805834,0.024443253204735973
11,4466.238855977381,0.02448641535001135
13,4439.913219048598,0.020899865353008567
15,4413.447582884898,0.023167183740679012
17,4396.620838631158,0.020152970569564967
19,4374.414569373399,0.022678331782546284
21,4352.25347032082,0.02209859502075879
23,4339.2189949298545,0.020243853299832873
25,4324.45244775538,0.019305963161380193
