k,sse,silhouette
5,4530.820898447197,0.027497237453395246
7,4465.591382042241,0.024800632197920874
9,4420.174279396397,0.026056522705292788
11,4384.632051508533,0.02644437926515189
13,4355.349834122722,0.02486658472235665
15,4337.58764010781,0.02685032293666216
17,4308.605686096744,0.024507559740275575
19,4284.22504033122,0.024758117947953878
21,4259.67619238418,0.021954758893410864
23,4243.7209101559165,0.022662209864718837
25,4225.776468339188,0.024095103608325587
