k,sse,silhouette
5,4596.480362080487,0.026948116947205527
7,4540.153195184732,0.021754384640359625
9,4502.578519191026,0.020070385192386523
11,4470.39806391146,0.020981873409469505
13,4439.094076856381,0.022323613005908446
15,4419.200392281381,0.019314801716077766
17,4395.9174395929695,0.02118551846051491
19,4371.524292595189,0.020707012506453373
21,4354.825659739093,0.020537674906800828
23,4341.345205459278,0.02106698451858917
25,4323.162052497859,0.019481710339988315
