k,sse,silhouette
5,32743.46484375,0.1289924532175064
7,30982.15234375,0.1020863801240921
9,29448.197265625,0.10397814959287643
11,28573.458984375,0.10518703609704971
13,27895.765625,0.1053655743598938
15,27410.89453125,0.10514776408672333
17,26946.48828125,0.08861861377954483
19,26583.45703125,0.08913888037204742
21,26158.73828125,0.0809246152639389
23,25919.359375,0.07989031076431274
25,25660.33984375,0.074973925948143
