k,sse,silhouette
5,25944.1953125,0.12627501785755157
7,24628.537109375,0.09098482131958008
9,23638.171875,0.09573248773813248
11,23012.046875,0.09565522521734238
13,22536.26171875,0.09585894644260406
15,22215.12890625,0.0790301114320755
17,21976.1484375,0.07323583215475082
19,21712.18359375,0.07166247814893723
21,21514.7265625,0.053575195372104645
23,21288.697265625,0.061895471066236496
25,21127.08203125,0.05291905626654625
