k,sse,silhouette
5,27347.22265625,0.08477412909269333
7,26278.064453125,0.08587023615837097
9,25439.1484375,0.06872980296611786
11,24860.349609375,0.07102714478969574
13,24273.978515625,0.06952017545700073
15,23875.7890625,0.07200439274311066
17,23506.3671875,0.07349774986505508
19,23261.568359375,0.0552019402384758
21,22996.47265625,0.07651225477457047
23,22789.8359375,0.06159970536828041
25,22584.375,0.06530960649251938
