language,num_topics,coherence_c_v
en,15,0.6447606334908058
de,15,0.7212406633571753
