k,sse,silhouette
5,27117.904296875,0.1350797414779663
7,25813.373046875,0.12733152508735657
9,24977.87109375,0.12786531448364258
11,24294.04296875,0.12538056075572968
13,23638.935546875,0.11356480419635773
15,23213.75390625,0.11686679720878601
17,22872.341796875,0.1161852777004242
19,22627.333984375,0.11843763291835785
21,22328.845703125,0.11970722675323486
23,22120.435546875,0.1198134645819664
25,21966.544921875,0.11647592484951019
