k,sse,silhouette
5,4374.26904572804,0.022146330722672088
7,4322.246267893893,-0.0015901222567964392
9,4283.988737616197,0.013995535657470097
11,4243.0730621441235,-0.023729559654723776
13,4234.425064294376,0.006216670871641122
15,4217.595929471257,-0.020359337947248052
17,4173.160153338085,-0.03179557932467071
19,4186.404446557741,-0.023727843501972396
21,4143.87833777284,-0.0316181254148079
23,4137.18611387314,-0.02649851551424078
25,4275.214554510445,-0.0017579807164851545
