k,sse,silhouette
5,4530.820898447195,0.027497237453591596
7,4465.592948424966,0.024778009245913064
9,4420.174279396395,0.02605652270563525
11,4384.613243419977,0.026452995024853692
13,4355.354185919339,0.024864268008920044
15,4337.453184266096,0.026845401902841525
17,4308.605686096744,0.024507559741135616
19,4284.220828255669,0.02475812858737727
21,4259.67619238418,0.021954758894389765
23,4244.424002632699,0.022388841340590937
25,4225.776468339188,0.024095103609486062
