k,sse,silhouette
5,4600.525668784292,0.023323209062608874
7,4543.805208576804,0.024964467209550575
9,4497.434009285814,0.023213293680700374
11,4466.2549857563245,0.02449814854176864
13,4439.913613403115,0.020903912577883262
15,4413.492443383628,0.023216137561029165
17,4398.4285796959375,0.01898884754240028
19,4374.413768565482,0.022679730338182227
21,4352.302753424628,0.022112232067893093
23,4339.193274251922,0.020251607871813106
25,4324.484612389568,0.01927750602842204
