k,sse,silhouette
5,4600.525668784291,0.023323209062484886
7,4543.808951401794,0.024963848410846253
9,4501.912149076925,0.024434844894868284
11,4466.238855977379,0.024486415350071296
13,4439.913219048594,0.020899865353111505
15,4413.4551939860885,0.02319257131563521
17,4396.592862453582,0.020173721208974746
19,4374.414569373399,0.022678331782784233
21,4352.25347032082,0.022098595021084973
23,4339.218994929854,0.020243853299999927
25,4324.456976480689,0.01925751665689939
