k,sse,silhouette
5,3984.320608650967,0.0428032035873883
7,3930.311648364131,0.018886327571604133
9,4020.0678115334067,0.016342580205662007
11,3985.679130181017,0.030137764382642443
13,3956.514554662757,0.009796263192990758
15,3902.173970556921,0.0005396767980661603
17,3927.684819911893,0.03241956889349254
19,3895.0723263757795,0.01928394394780301
21,3907.6028257400058,0.03540066412436754
23,3874.226279862294,0.0027954348229534023
25,3828.1368898352753,0.012446766209416574
