k,sse,silhouette
5,30396.607421875,0.23528218269348145
7,28370.58984375,0.21607734262943268
9,26926.599609375,0.20641641318798065
11,25867.1171875,0.21152885258197784
13,25223.11328125,0.2144920378923416
15,24630.814453125,0.21394523978233337
17,24249.970703125,0.21647372841835022
19,23862.130859375,0.20623373985290527
21,23581.556640625,0.18956854939460754
23,23167.044921875,0.19362102448940277
25,22901.470703125,0.20087267458438873
